Date,Time,HomeTeam,AwayTeam,FTHG,FTAG,FTR,HTHG,HTAG,HTR,HS,AS,HST,AST,HF,AF,HC,AC,HY,AY,HR,AR,B365H,B365D,B365A
23/08/2024,19:30,M'gladbach,Leverkusen,2,3,A,0.0,2.0,A,14.0,25.0,7.0,9.0,11.0,7.0,2.0,4.0,1.0,0.0,0.0,0.0,5.25,4.5,1.55
24/08/2024,14:30,Augsburg,Werder Bremen,2,2,D,2.0,1.0,H,10.0,12.0,3.0,6.0,11.0,10.0,4.0,2.0,3.0,1.0,0.0,0.0,2.2,3.6,3.1
24/08/2024,14:30,Freiburg,Stuttgart,3,1,H,1.0,1.0,D,15.0,9.0,4.0,2.0,7.0,10.0,6.0,3.0,2.0,1.0,0.0,0.0,3.5,3.6,2.05
24/08/2024,14:30,Hoffenheim,Holstein Kiel,3,2,H,2.0,0.0,H,20.0,15.0,8.0,6.0,8.0,14.0,8.0,6.0,2.0,3.0,0.0,1.0,1.65,4.5,4.5
24/08/2024,14:30,Mainz,Union Berlin,1,1,D,0.0,0.0,D,15.0,15.0,3.0,4.0,9.0,15.0,8.0,9.0,1.0,3.0,0.0,0.0,2.0,3.4,3.9
24/08/2024,14:30,RB Leipzig,Bochum,1,0,H,0.0,0.0,D,12.0,10.0,3.0,4.0,9.0,17.0,9.0,3.0,1.0,3.0,1.0,0.0,1.25,7.0,9.0
24/08/2024,17:30,Dortmund,Ein Frankfurt,2,0,H,0.0,0.0,D,17.0,7.0,5.0,2.0,6.0,3.0,7.0,7.0,0.0,1.0,0.0,0.0,1.7,4.1,4.5
25/08/2024,14:30,Wolfsburg,Bayern Munich,2,3,A,0.0,1.0,A,11.0,14.0,2.0,8.0,13.0,11.0,1.0,7.0,2.0,3.0,0.0,0.0,6.25,4.75,1.45
25/08/2024,16:30,St Pauli,Heidenheim,0,2,A,0.0,0.0,D,11.0,6.0,3.0,3.0,10.0,15.0,4.0,2.0,2.0,3.0,0.0,0.0,2.1,3.5,3.4
30/08/2024,19:30,Union Berlin,St Pauli,1,0,H,1.0,0.0,H,10.0,8.0,5.0,2.0,10.0,11.0,5.0,4.0,3.0,1.0,0.0,0.0,1.91,3.5,4.1
31/08/2024,14:30,Bochum,M'gladbach,0,2,A,0.0,0.0,D,16.0,15.0,4.0,6.0,9.0,10.0,3.0,4.0,1.0,0.0,0.0,0.0,2.6,3.6,2.6
31/08/2024,14:30,Ein Frankfurt,Hoffenheim,3,1,H,2.0,0.0,H,17.0,10.0,7.0,3.0,10.0,10.0,1.0,4.0,0.0,3.0,0.0,0.0,1.8,4.2,3.9
31/08/2024,14:30,Holstein Kiel,Wolfsburg,0,2,A,0.0,2.0,A,12.0,12.0,5.0,4.0,17.0,14.0,1.0,7.0,4.0,7.0,0.0,0.0,3.2,3.7,2.15
31/08/2024,14:30,Stuttgart,Mainz,3,3,D,2.0,1.0,H,28.0,9.0,13.0,7.0,6.0,12.0,11.0,2.0,4.0,2.0,0.0,0.0,1.62,4.33,5.25
31/08/2024,14:30,Werder Bremen,Dortmund,0,0,D,0.0,0.0,D,5.0,9.0,1.0,4.0,11.0,16.0,5.0,6.0,2.0,7.0,0.0,1.0,4.1,4.0,1.8
31/08/2024,17:30,Leverkusen,RB Leipzig,2,3,A,2.0,1.0,H,27.0,10.0,10.0,4.0,7.0,8.0,18.0,2.0,3.0,1.0,0.0,0.0,1.75,4.2,4.1
01/09/2024,14:30,Heidenheim,Augsburg,4,0,H,2.0,0.0,H,17.0,15.0,9.0,1.0,15.0,11.0,5.0,6.0,0.0,3.0,0.0,0.0,2.38,3.5,2.9
01/09/2024,16:30,Bayern Munich,Freiburg,2,0,H,1.0,0.0,H,11.0,8.0,4.0,4.0,13.0,12.0,2.0,4.0,1.0,0.0,0.0,0.0,1.2,8.0,11.0
13/09/2024,19:30,Dortmund,Heidenheim,4,2,H,3.0,1.0,H,13.0,11.0,7.0,4.0,13.0,18.0,8.0,1.0,2.0,2.0,0.0,0.0,1.4,5.5,6.5
14/09/2024,14:30,Freiburg,Bochum,2,1,H,0.0,1.0,A,27.0,13.0,9.0,2.0,5.0,16.0,5.0,6.0,0.0,3.0,0.0,0.0,1.7,3.9,5.0
14/09/2024,14:30,Hoffenheim,Leverkusen,1,4,A,1.0,2.0,A,14.0,20.0,5.0,8.0,9.0,10.0,4.0,12.0,2.0,2.0,0.0,0.0,5.75,4.5,1.48
14/09/2024,14:30,M'gladbach,Stuttgart,1,3,A,1.0,1.0,D,15.0,12.0,7.0,7.0,14.0,12.0,6.0,2.0,2.0,2.0,0.0,0.0,2.75,4.0,2.3
14/09/2024,14:30,RB Leipzig,Union Berlin,0,0,D,0.0,0.0,D,16.0,11.0,3.0,3.0,9.0,19.0,6.0,5.0,2.0,3.0,0.0,0.0,1.48,4.5,6.5
14/09/2024,14:30,Wolfsburg,Ein Frankfurt,1,2,A,0.0,1.0,A,17.0,15.0,4.0,7.0,7.0,18.0,5.0,4.0,1.0,2.0,0.0,0.0,2.63,3.6,2.5
14/09/2024,17:30,Holstein Kiel,Bayern Munich,1,6,A,0.0,4.0,A,5.0,23.0,1.0,13.0,12.0,11.0,2.0,10.0,0.0,1.0,0.0,0.0,11.0,7.0,1.22
15/09/2024,14:30,Augsburg,St Pauli,3,1,H,0.0,0.0,D,18.0,12.0,10.0,3.0,12.0,10.0,7.0,7.0,4.0,3.0,0.0,0.0,2.1,3.6,3.4
15/09/2024,16:30,Mainz,Werder Bremen,1,2,A,1.0,1.0,D,11.0,11.0,5.0,5.0,12.0,7.0,10.0,4.0,3.0,1.0,0.0,1.0,2.0,3.7,3.5
20/09/2024,19:30,Augsburg,Mainz,2,3,A,1.0,2.0,A,30.0,5.0,9.0,3.0,7.0,12.0,14.0,1.0,3.0,5.0,1.0,1.0,2.38,3.5,2.9
21/09/2024,14:30,Bochum,Holstein Kiel,2,2,D,2.0,1.0,H,14.0,13.0,3.0,4.0,20.0,9.0,2.0,5.0,4.0,1.0,0.0,0.0,1.91,3.5,4.0
21/09/2024,14:30,Heidenheim,Freiburg,0,3,A,0.0,0.0,D,7.0,14.0,2.0,5.0,6.0,7.0,3.0,9.0,1.0,1.0,0.0,0.0,2.7,3.5,2.55
21/09/2024,14:30,Union Berlin,Hoffenheim,2,1,H,2.0,0.0,H,12.0,6.0,2.0,3.0,17.0,18.0,5.0,5.0,3.0,3.0,0.0,0.0,2.0,3.6,3.7
21/09/2024,14:30,Werder Bremen,Bayern Munich,0,5,A,0.0,2.0,A,0.0,25.0,0.0,7.0,4.0,13.0,1.0,4.0,0.0,3.0,0.0,0.0,8.0,5.5,1.36
21/09/2024,17:30,Ein Frankfurt,M'gladbach,2,0,H,1.0,0.0,H,14.0,22.0,4.0,7.0,10.0,12.0,8.0,5.0,1.0,1.0,0.0,0.0,1.75,4.0,4.33
22/09/2024,14:30,Leverkusen,Wolfsburg,4,3,H,2.0,3.0,A,20.0,8.0,7.0,4.0,6.0,14.0,6.0,2.0,4.0,5.0,0.0,1.0,1.3,5.75,8.0
22/09/2024,16:30,Stuttgart,Dortmund,5,1,H,2.0,0.0,H,16.0,6.0,9.0,3.0,10.0,6.0,6.0,4.0,1.0,3.0,0.0,0.0,2.3,3.75,2.9
22/09/2024,18:30,St Pauli,RB Leipzig,0,0,D,0.0,0.0,D,15.0,10.0,4.0,5.0,6.0,9.0,3.0,1.0,2.0,1.0,0.0,0.0,5.75,3.9,1.62
27/09/2024,19:30,Dortmund,Bochum,4,2,H,1.0,2.0,A,23.0,10.0,8.0,6.0,12.0,9.0,11.0,0.0,2.0,0.0,0.0,0.0,1.25,7.0,9.0
28/09/2024,14:30,Freiburg,St Pauli,0,3,A,0.0,2.0,A,6.0,10.0,2.0,4.0,7.0,18.0,4.0,2.0,3.0,3.0,0.0,0.0,1.62,4.0,5.5
28/09/2024,14:30,Mainz,Heidenheim,0,2,A,0.0,1.0,A,7.0,14.0,2.0,7.0,10.0,10.0,7.0,6.0,4.0,4.0,1.0,1.0,1.83,3.75,4.2
28/09/2024,14:30,M'gladbach,Union Berlin,1,0,H,0.0,0.0,D,8.0,9.0,3.0,3.0,10.0,12.0,2.0,4.0,3.0,1.0,0.0,0.0,2.1,3.5,3.4
28/09/2024,14:30,RB Leipzig,Augsburg,4,0,H,2.0,0.0,H,14.0,7.0,7.0,1.0,9.0,13.0,8.0,5.0,1.0,2.0,0.0,0.0,1.4,5.25,6.5
28/09/2024,14:30,Wolfsburg,Stuttgart,2,2,D,1.0,1.0,D,5.0,17.0,2.0,5.0,20.0,10.0,1.0,3.0,5.0,2.0,0.0,1.0,3.2,3.9,2.05
28/09/2024,17:30,Bayern Munich,Leverkusen,1,1,D,1.0,1.0,D,18.0,3.0,3.0,3.0,11.0,15.0,6.0,1.0,1.0,3.0,0.0,0.0,1.73,4.33,4.2
29/09/2024,14:30,Holstein Kiel,Ein Frankfurt,2,4,A,1.0,1.0,D,10.0,18.0,5.0,10.0,12.0,13.0,4.0,9.0,1.0,3.0,0.0,0.0,4.2,4.2,1.73
29/09/2024,16:30,Hoffenheim,Werder Bremen,3,4,A,3.0,3.0,D,10.0,18.0,5.0,10.0,12.0,19.0,2.0,6.0,3.0,3.0,1.0,0.0,2.38,3.8,2.7
04/10/2024,19:30,Augsburg,M'gladbach,2,1,H,1.0,0.0,H,13.0,11.0,5.0,5.0,13.0,15.0,6.0,5.0,2.0,4.0,0.0,0.0,2.38,3.7,2.7
05/10/2024,14:30,Bochum,Wolfsburg,1,3,A,0.0,2.0,A,17.0,15.0,5.0,5.0,11.0,12.0,7.0,6.0,1.0,2.0,0.0,0.0,3.0,3.7,2.2
05/10/2024,14:30,Leverkusen,Holstein Kiel,2,2,D,2.0,1.0,H,24.0,8.0,7.0,4.0,5.0,9.0,12.0,3.0,2.0,2.0,0.0,0.0,1.09,11.0,21.0
05/10/2024,14:30,Union Berlin,Dortmund,2,1,H,2.0,0.0,H,13.0,9.0,5.0,5.0,15.0,17.0,3.0,3.0,4.0,4.0,0.0,0.0,3.3,3.5,2.15
05/10/2024,14:30,Werder Bremen,Freiburg,0,1,A,0.0,0.0,D,11.0,13.0,3.0,3.0,7.0,9.0,7.0,5.0,1.0,2.0,0.0,0.0,2.6,3.5,2.6
05/10/2024,17:30,St Pauli,Mainz,0,3,A,0.0,2.0,A,17.0,8.0,4.0,4.0,12.0,16.0,2.0,2.0,0.0,3.0,0.0,0.0,2.4,3.3,2.9
06/10/2024,14:30,Heidenheim,RB Leipzig,0,1,A,0.0,0.0,D,15.0,12.0,4.0,2.0,12.0,13.0,3.0,2.0,2.0,2.0,0.0,0.0,4.5,4.33,1.67
06/10/2024,16:30,Ein Frankfurt,Bayern Munich,3,3,D,2.0,2.0,D,5.0,22.0,4.0,13.0,10.0,6.0,0.0,11.0,1.0,1.0,0.0,0.0,5.5,4.5,1.53
06/10/2024,18:30,Stuttgart,Hoffenheim,1,1,D,0.0,1.0,A,18.0,7.0,7.0,5.0,10.0,7.0,10.0,5.0,1.0,4.0,0.0,0.0,1.3,6.0,8.0
18/10/2024,19:30,Dortmund,St Pauli,2,1,H,1.0,0.0,H,20.0,10.0,7.0,3.0,8.0,7.0,7.0,1.0,2.0,1.0,0.0,0.0,1.3,5.25,9.5
19/10/2024,14:30,Freiburg,Augsburg,3,1,H,3.0,0.0,H,15.0,9.0,6.0,3.0,11.0,7.0,5.0,4.0,1.0,1.0,0.0,0.0,1.73,3.75,4.75
19/10/2024,14:30,Hoffenheim,Bochum,3,1,H,1.0,0.0,H,12.0,13.0,7.0,4.0,10.0,12.0,4.0,2.0,1.0,1.0,0.0,0.0,1.7,4.5,4.2
19/10/2024,14:30,Leverkusen,Ein Frankfurt,2,1,H,1.0,1.0,D,27.0,9.0,9.0,2.0,9.0,5.0,8.0,3.0,2.0,1.0,0.0,0.0,1.44,4.75,6.5
19/10/2024,14:30,Mainz,RB Leipzig,0,2,A,0.0,2.0,A,16.0,11.0,2.0,5.0,12.0,15.0,5.0,3.0,1.0,3.0,0.0,0.0,3.9,3.8,1.85
19/10/2024,14:30,M'gladbach,Heidenheim,3,2,H,1.0,1.0,D,20.0,19.0,10.0,6.0,15.0,9.0,6.0,3.0,3.0,3.0,0.0,0.0,1.85,3.7,4.1
19/10/2024,17:30,Bayern Munich,Stuttgart,4,0,H,0.0,0.0,D,22.0,4.0,10.0,1.0,6.0,10.0,7.0,3.0,0.0,2.0,0.0,0.0,1.36,5.25,7.5
20/10/2024,14:30,Holstein Kiel,Union Berlin,0,2,A,0.0,1.0,A,12.0,14.0,5.0,4.0,8.0,11.0,7.0,3.0,2.0,1.0,0.0,0.0,3.5,3.3,2.15
20/10/2024,16:30,Wolfsburg,Werder Bremen,2,4,A,1.0,1.0,D,14.0,15.0,6.0,7.0,15.0,9.0,4.0,4.0,1.0,1.0,1.0,0.0,2.1,3.6,3.3
25/10/2024,19:30,Mainz,M'gladbach,1,1,D,0.0,0.0,D,23.0,9.0,6.0,5.0,16.0,16.0,2.0,4.0,3.0,2.0,0.0,0.0,2.3,3.75,2.8
26/10/2024,14:30,Augsburg,Dortmund,2,1,H,1.0,1.0,D,12.0,11.0,4.0,4.0,13.0,10.0,3.0,5.0,3.0,3.0,0.0,1.0,3.6,4.0,1.9
26/10/2024,14:30,RB Leipzig,Freiburg,3,1,H,0.0,1.0,A,12.0,15.0,9.0,5.0,9.0,7.0,3.0,3.0,3.0,2.0,0.0,0.0,1.73,4.1,4.5
26/10/2024,14:30,St Pauli,Wolfsburg,0,0,D,0.0,0.0,D,14.0,10.0,5.0,4.0,9.0,12.0,7.0,6.0,0.0,3.0,0.0,0.0,2.55,3.5,2.63
26/10/2024,14:30,Stuttgart,Holstein Kiel,2,1,H,1.0,0.0,H,16.0,9.0,6.0,3.0,6.0,17.0,9.0,5.0,3.0,6.0,1.0,1.0,1.22,7.5,9.5
26/10/2024,17:30,Werder Bremen,Leverkusen,2,2,D,0.0,1.0,A,13.0,15.0,8.0,6.0,9.0,11.0,3.0,5.0,1.0,1.0,0.0,0.0,5.25,5.0,1.5
27/10/2024,14:30,Bochum,Bayern Munich,0,5,A,0.0,2.0,A,6.0,17.0,2.0,9.0,15.0,6.0,2.0,5.0,1.0,1.0,0.0,0.0,12.0,9.5,1.17
27/10/2024,16:30,Union Berlin,Ein Frankfurt,1,1,D,0.0,1.0,A,13.0,17.0,4.0,5.0,13.0,7.0,4.0,5.0,5.0,3.0,0.0,1.0,2.55,3.3,2.75
27/10/2024,18:30,Heidenheim,Hoffenheim,0,0,D,0.0,0.0,D,17.0,12.0,3.0,4.0,12.0,16.0,7.0,3.0,1.0,2.0,0.0,0.0,2.25,3.5,3.1
01/11/2024,19:30,Leverkusen,Stuttgart,0,0,D,0.0,0.0,D,19.0,4.0,5.0,1.0,13.0,14.0,10.0,2.0,3.0,4.0,0.0,0.0,1.55,4.75,5.25
02/11/2024,14:30,Bayern Munich,Union Berlin,3,0,H,2.0,0.0,H,16.0,8.0,7.0,1.0,2.0,9.0,7.0,4.0,0.0,2.0,0.0,0.0,1.18,7.5,13.0
02/11/2024,14:30,Ein Frankfurt,Bochum,7,2,H,4.0,1.0,H,18.0,11.0,9.0,8.0,6.0,15.0,5.0,2.0,1.0,2.0,0.0,0.0,1.33,5.75,7.5
02/11/2024,14:30,Hoffenheim,St Pauli,0,2,A,0.0,1.0,A,12.0,7.0,6.0,3.0,10.0,10.0,7.0,2.0,0.0,2.0,0.0,0.0,1.83,3.8,4.0
02/11/2024,14:30,Holstein Kiel,Heidenheim,1,0,H,1.0,0.0,H,11.0,17.0,6.0,4.0,16.0,14.0,5.0,6.0,4.0,5.0,0.0,0.0,2.7,3.5,2.45
02/11/2024,14:30,Wolfsburg,Augsburg,1,1,D,0.0,1.0,A,18.0,3.0,6.0,1.0,7.0,14.0,8.0,1.0,1.0,3.0,0.0,0.0,2.0,3.75,3.5
02/11/2024,17:30,Dortmund,RB Leipzig,2,1,H,1.0,1.0,D,19.0,7.0,7.0,3.0,11.0,12.0,4.0,0.0,3.0,4.0,0.0,0.0,2.2,3.8,3.0
03/11/2024,14:30,Freiburg,Mainz,0,0,D,0.0,0.0,D,10.0,9.0,2.0,2.0,9.0,12.0,8.0,4.0,1.0,2.0,0.0,0.0,1.7,3.9,4.75
03/11/2024,16:30,M'gladbach,Werder Bremen,4,1,H,3.0,0.0,H,16.0,15.0,8.0,5.0,12.0,10.0,7.0,7.0,1.0,4.0,0.0,1.0,2.1,3.8,3.2
08/11/2024,19:30,Union Berlin,Freiburg,0,0,D,0.0,0.0,D,12.0,14.0,6.0,4.0,11.0,8.0,4.0,1.0,2.0,0.0,0.0,0.0,2.45,3.25,2.9
09/11/2024,14:30,Bochum,Leverkusen,1,1,D,0.0,1.0,A,15.0,11.0,3.0,3.0,10.0,9.0,6.0,4.0,0.0,1.0,0.0,0.0,9.5,6.5,1.27
09/11/2024,14:30,Mainz,Dortmund,3,1,H,2.0,1.0,H,13.0,2.0,9.0,1.0,17.0,5.0,8.0,0.0,3.0,1.0,0.0,1.0,3.5,3.6,2.0
09/11/2024,14:30,St Pauli,Bayern Munich,0,1,A,0.0,1.0,A,3.0,13.0,0.0,6.0,10.0,7.0,5.0,10.0,2.0,2.0,0.0,0.0,9.0,7.0,1.25
09/11/2024,14:30,Werder Bremen,Holstein Kiel,2,1,H,1.0,0.0,H,16.0,12.0,5.0,5.0,10.0,19.0,6.0,3.0,3.0,2.0,0.0,0.0,1.62,4.33,4.75
09/11/2024,17:30,RB Leipzig,M'gladbach,0,0,D,0.0,0.0,D,11.0,14.0,4.0,4.0,14.0,7.0,8.0,4.0,2.0,2.0,0.0,0.0,1.57,4.33,5.25
10/11/2024,14:30,Augsburg,Hoffenheim,0,0,D,0.0,0.0,D,16.0,11.0,4.0,2.0,16.0,7.0,10.0,6.0,2.0,3.0,0.0,0.0,2.05,3.75,3.25
10/11/2024,16:30,Stuttgart,Ein Frankfurt,2,3,A,0.0,1.0,A,22.0,8.0,11.0,5.0,10.0,15.0,8.0,3.0,2.0,3.0,0.0,0.0,1.9,4.0,3.7
10/11/2024,18:30,Heidenheim,Wolfsburg,1,3,A,0.0,2.0,A,19.0,13.0,4.0,6.0,9.0,23.0,5.0,5.0,1.0,6.0,0.0,0.0,2.75,3.4,2.45
22/11/2024,19:30,Bayern Munich,Augsburg,3,0,H,0.0,0.0,D,33.0,2.0,14.0,1.0,9.0,9.0,8.0,0.0,0.0,2.0,0.0,1.0,1.13,10.0,15.0
23/11/2024,14:30,Dortmund,Freiburg,4,0,H,2.0,0.0,H,19.0,7.0,7.0,3.0,11.0,4.0,7.0,0.0,1.0,2.0,0.0,2.0,1.67,4.2,4.5
23/11/2024,14:30,Hoffenheim,RB Leipzig,4,3,H,1.0,2.0,A,20.0,14.0,7.0,6.0,14.0,12.0,4.0,3.0,2.0,1.0,0.0,0.0,3.4,3.5,2.1
23/11/2024,14:30,Leverkusen,Heidenheim,5,2,H,2.0,2.0,D,20.0,6.0,10.0,3.0,8.0,11.0,6.0,0.0,0.0,0.0,0.0,0.0,1.2,6.5,15.0
23/11/2024,14:30,Stuttgart,Bochum,2,0,H,0.0,0.0,D,15.0,9.0,5.0,2.0,7.0,16.0,7.0,4.0,2.0,3.0,0.0,0.0,1.29,6.0,9.0
23/11/2024,14:30,Wolfsburg,Union Berlin,1,0,H,0.0,0.0,D,10.0,11.0,5.0,4.0,7.0,15.0,8.0,5.0,1.0,2.0,0.0,0.0,2.3,3.3,3.2
23/11/2024,17:30,Ein Frankfurt,Werder Bremen,1,0,H,1.0,0.0,H,15.0,8.0,5.0,1.0,15.0,9.0,5.0,6.0,2.0,2.0,0.0,0.0,1.7,4.1,4.5
24/11/2024,14:30,Holstein Kiel,Mainz,0,3,A,0.0,2.0,A,7.0,18.0,2.0,7.0,11.0,7.0,2.0,6.0,1.0,0.0,0.0,0.0,3.1,3.4,2.3
24/11/2024,16:30,M'gladbach,St Pauli,2,0,H,2.0,0.0,H,15.0,15.0,4.0,3.0,7.0,8.0,5.0,4.0,1.0,0.0,0.0,0.0,1.8,3.8,4.2
29/11/2024,19:30,St Pauli,Holstein Kiel,3,1,H,1.0,0.0,H,11.0,10.0,4.0,3.0,10.0,11.0,4.0,4.0,2.0,5.0,0.0,0.0,1.67,3.75,5.25
30/11/2024,14:30,Augsburg,Bochum,1,0,H,1.0,0.0,H,16.0,7.0,4.0,1.0,8.0,22.0,6.0,1.0,3.0,3.0,0.0,0.0,1.73,4.0,4.5
30/11/2024,14:30,Freiburg,M'gladbach,3,1,H,1.0,0.0,H,17.0,15.0,7.0,4.0,5.0,14.0,4.0,6.0,1.0,1.0,0.0,0.0,1.95,3.8,3.6
30/11/2024,14:30,RB Leipzig,Wolfsburg,1,5,A,0.0,3.0,A,9.0,13.0,4.0,8.0,11.0,6.0,7.0,3.0,2.0,1.0,0.0,0.0,1.7,4.0,4.75
30/11/2024,14:30,Union Berlin,Leverkusen,1,2,A,1.0,1.0,D,8.0,8.0,2.0,3.0,18.0,11.0,1.0,3.0,4.0,2.0,0.0,0.0,4.75,3.7,1.75
30/11/2024,14:30,Werder Bremen,Stuttgart,2,2,D,1.0,1.0,D,20.0,10.0,6.0,4.0,8.0,13.0,11.0,2.0,1.0,1.0,0.0,0.0,3.0,3.75,2.2
30/11/2024,17:30,Dortmund,Bayern Munich,1,1,D,1.0,0.0,H,7.0,14.0,2.0,5.0,11.0,7.0,2.0,3.0,2.0,2.0,0.0,0.0,4.75,4.1,1.67
01/12/2024,14:30,Mainz,Hoffenheim,2,0,H,2.0,0.0,H,18.0,10.0,8.0,2.0,13.0,12.0,8.0,3.0,1.0,3.0,0.0,0.0,2.1,3.4,3.5
01/12/2024,16:30,Heidenheim,Ein Frankfurt,0,4,A,0.0,1.0,A,8.0,14.0,1.0,8.0,7.0,9.0,6.0,5.0,0.0,2.0,0.0,0.0,3.7,3.7,1.95
06/12/2024,19:30,Stuttgart,Union Berlin,3,2,H,0.0,1.0,A,7.0,14.0,5.0,3.0,14.0,19.0,1.0,6.0,1.0,6.0,0.0,0.0,1.8,3.6,4.5
07/12/2024,14:30,Bayern Munich,Heidenheim,4,2,H,1.0,0.0,H,21.0,2.0,10.0,2.0,4.0,5.0,8.0,0.0,1.0,0.0,0.0,0.0,1.1,11.0,19.0
07/12/2024,14:30,Bochum,Werder Bremen,0,1,A,0.0,0.0,D,12.0,9.0,2.0,1.0,12.0,10.0,9.0,5.0,1.0,1.0,0.0,0.0,3.2,3.5,2.2
07/12/2024,14:30,Ein Frankfurt,Augsburg,2,2,D,0.0,0.0,D,16.0,8.0,4.0,3.0,17.0,9.0,4.0,0.0,2.0,2.0,0.0,0.0,1.53,4.1,6.25
07/12/2024,14:30,Holstein Kiel,RB Leipzig,0,2,A,0.0,1.0,A,17.0,9.0,5.0,5.0,11.0,13.0,6.0,1.0,4.0,3.0,0.0,0.0,5.75,4.2,1.57
07/12/2024,14:30,Leverkusen,St Pauli,2,1,H,2.0,0.0,H,6.0,12.0,2.0,4.0,8.0,10.0,7.0,4.0,1.0,3.0,0.0,0.0,1.25,6.5,10.0
07/12/2024,17:30,M'gladbach,Dortmund,1,1,D,0.0,0.0,D,9.0,16.0,3.0,3.0,16.0,11.0,7.0,4.0,3.0,2.0,1.0,0.0,3.2,3.75,2.1
08/12/2024,14:30,Wolfsburg,Mainz,4,3,H,1.0,2.0,A,10.0,12.0,5.0,5.0,10.0,15.0,3.0,5.0,3.0,4.0,0.0,0.0,2.15,3.3,3.5
08/12/2024,16:30,Hoffenheim,Freiburg,1,1,D,0.0,0.0,D,15.0,11.0,5.0,4.0,10.0,5.0,6.0,1.0,1.0,1.0,0.0,0.0,2.7,3.4,2.55
13/12/2024,19:30,Freiburg,Wolfsburg,3,2,H,1.0,0.0,H,18.0,20.0,9.0,5.0,11.0,3.0,5.0,6.0,4.0,1.0,0.0,0.0,2.2,3.3,3.3
14/12/2024,14:30,Augsburg,Leverkusen,0,2,A,0.0,2.0,A,8.0,14.0,4.0,3.0,12.0,5.0,4.0,9.0,3.0,0.0,0.0,0.0,5.75,4.0,1.57
14/12/2024,14:30,Mainz,Bayern Munich,2,1,H,1.0,0.0,H,8.0,13.0,4.0,1.0,21.0,12.0,3.0,2.0,3.0,2.0,0.0,0.0,6.5,4.5,1.48
14/12/2024,14:30,M'gladbach,Holstein Kiel,4,1,H,3.0,1.0,H,15.0,11.0,6.0,3.0,10.0,14.0,5.0,2.0,1.0,1.0,0.0,0.0,1.44,4.75,6.5
14/12/2024,14:30,Union Berlin,Bochum,0,2,A,0.0,2.0,A,19.0,8.0,4.0,2.0,12.0,9.0,7.0,6.0,2.0,2.0,0.0,1.0,1.6,3.8,6.0
14/12/2024,17:30,St Pauli,Werder Bremen,0,2,A,0.0,1.0,A,15.0,8.0,4.0,4.0,10.0,9.0,4.0,5.0,2.0,3.0,0.0,0.0,2.63,3.4,2.63
15/12/2024,14:30,Heidenheim,Stuttgart,1,3,A,1.0,2.0,A,9.0,18.0,2.0,7.0,25.0,13.0,9.0,6.0,4.0,3.0,0.0,0.0,4.0,4.0,1.8
15/12/2024,16:30,Dortmund,Hoffenheim,1,1,D,0.0,0.0,D,6.0,12.0,2.0,1.0,9.0,10.0,3.0,9.0,5.0,2.0,0.0,0.0,1.44,5.0,6.0
15/12/2024,18:30,RB Leipzig,Ein Frankfurt,2,1,H,1.0,1.0,D,19.0,16.0,9.0,3.0,15.0,10.0,6.0,7.0,1.0,3.0,0.0,0.0,2.05,4.0,3.2
20/12/2024,19:30,Bayern Munich,RB Leipzig,5,1,H,3.0,1.0,H,22.0,4.0,9.0,1.0,9.0,10.0,8.0,1.0,5.0,2.0,0.0,0.0,1.2,7.5,11.0
21/12/2024,14:30,Ein Frankfurt,Mainz,1,3,A,0.0,2.0,A,34.0,9.0,9.0,3.0,10.0,10.0,17.0,2.0,1.0,1.0,0.0,1.0,1.83,4.0,3.9
21/12/2024,14:30,Hoffenheim,M'gladbach,1,2,A,0.0,1.0,A,18.0,5.0,8.0,3.0,14.0,6.0,8.0,4.0,0.0,0.0,0.0,0.0,2.3,3.6,2.9
21/12/2024,14:30,Holstein Kiel,Augsburg,5,1,H,4.0,1.0,H,8.0,17.0,6.0,4.0,11.0,13.0,3.0,8.0,0.0,4.0,0.0,0.0,3.0,3.4,2.35
21/12/2024,14:30,Stuttgart,St Pauli,0,1,A,0.0,1.0,A,25.0,11.0,5.0,5.0,10.0,11.0,9.0,1.0,2.0,2.0,0.0,0.0,1.45,4.75,6.5
21/12/2024,14:30,Werder Bremen,Union Berlin,4,1,H,3.0,1.0,H,11.0,16.0,6.0,4.0,9.0,12.0,4.0,9.0,2.0,2.0,0.0,0.0,2.05,3.3,3.75
21/12/2024,17:30,Leverkusen,Freiburg,5,1,H,1.0,0.0,H,20.0,8.0,12.0,2.0,8.0,9.0,4.0,2.0,1.0,2.0,0.0,0.0,1.38,5.0,7.5
22/12/2024,14:30,Bochum,Heidenheim,2,0,H,2.0,0.0,H,14.0,10.0,4.0,2.0,18.0,15.0,5.0,2.0,2.0,7.0,0.0,0.0,2.3,3.5,3.0
22/12/2024,16:30,Wolfsburg,Dortmund,1,3,A,0.0,3.0,A,14.0,12.0,5.0,4.0,8.0,8.0,10.0,4.0,3.0,2.0,0.0,1.0,3.1,3.6,2.2
10/01/2025,19:30,Dortmund,Leverkusen,2,3,A,1.0,3.0,A,12.0,7.0,5.0,5.0,8.0,6.0,6.0,1.0,1.0,2.0,0.0,0.0,2.7,3.6,2.45
11/01/2025,14:30,Freiburg,Holstein Kiel,3,2,H,2.0,0.0,H,14.0,14.0,5.0,7.0,9.0,12.0,7.0,1.0,2.0,3.0,0.0,0.0,1.4,4.75,7.5
11/01/2025,14:30,Heidenheim,Union Berlin,2,0,H,1.0,0.0,H,16.0,10.0,9.0,6.0,8.0,10.0,5.0,4.0,0.0,1.0,0.0,1.0,3.1,3.3,2.3
11/01/2025,14:30,Hoffenheim,Wolfsburg,0,1,A,0.0,1.0,A,15.0,12.0,2.0,3.0,15.0,14.0,4.0,8.0,1.0,2.0,0.0,0.0,2.35,3.6,2.88
11/01/2025,14:30,Mainz,Bochum,2,0,H,1.0,0.0,H,10.0,11.0,5.0,2.0,6.0,16.0,5.0,6.0,0.0,2.0,0.0,0.0,1.53,4.33,5.75
11/01/2025,14:30,St Pauli,Ein Frankfurt,0,1,A,0.0,1.0,A,18.0,14.0,4.0,6.0,8.0,7.0,3.0,3.0,0.0,3.0,0.0,0.0,3.7,3.5,2.05
11/01/2025,17:30,M'gladbach,Bayern Munich,0,1,A,0.0,0.0,D,5.0,23.0,0.0,10.0,10.0,7.0,4.0,10.0,3.0,1.0,0.0,0.0,7.0,5.0,1.4
12/01/2025,14:30,RB Leipzig,Werder Bremen,4,2,H,2.0,1.0,H,18.0,7.0,7.0,2.0,7.0,12.0,4.0,1.0,1.0,1.0,0.0,0.0,1.75,4.0,4.2
12/01/2025,16:30,Augsburg,Stuttgart,0,1,A,0.0,0.0,D,8.0,13.0,2.0,5.0,11.0,14.0,3.0,9.0,5.0,1.0,0.0,0.0,3.6,3.6,2.0
14/01/2025,17:30,Holstein Kiel,Dortmund,4,2,H,3.0,0.0,H,11.0,16.0,7.0,4.0,13.0,11.0,1.0,9.0,2.0,2.0,1.0,0.0,5.25,4.5,1.55
14/01/2025,19:30,Ein Frankfurt,Freiburg,4,1,H,1.0,1.0,D,23.0,7.0,8.0,5.0,8.0,11.0,8.0,1.0,1.0,1.0,0.0,0.0,1.7,4.2,4.33
14/01/2025,19:30,Leverkusen,Mainz,1,0,H,0.0,0.0,D,20.0,7.0,9.0,4.0,4.0,14.0,8.0,4.0,2.0,3.0,0.0,0.0,1.36,5.25,7.5
14/01/2025,19:30,Wolfsburg,M'gladbach,5,1,H,1.0,0.0,H,16.0,9.0,5.0,5.0,10.0,7.0,4.0,7.0,1.0,0.0,0.0,0.0,1.91,3.8,3.75
15/01/2025,17:30,Bochum,St Pauli,1,0,H,0.0,0.0,D,13.0,12.0,5.0,1.0,7.0,15.0,6.0,7.0,1.0,3.0,0.0,1.0,2.6,3.25,2.75
15/01/2025,19:30,Bayern Munich,Hoffenheim,5,0,H,3.0,0.0,H,25.0,5.0,10.0,2.0,8.0,10.0,13.0,1.0,1.0,1.0,0.0,0.0,1.13,9.0,17.0
15/01/2025,19:30,Stuttgart,RB Leipzig,2,1,H,0.0,1.0,A,14.0,6.0,6.0,3.0,10.0,19.0,5.0,0.0,2.0,7.0,0.0,2.0,1.95,3.9,3.4
15/01/2025,19:30,Union Berlin,Augsburg,0,2,A,0.0,2.0,A,13.0,11.0,2.0,5.0,15.0,9.0,7.0,4.0,1.0,2.0,0.0,0.0,1.83,3.5,4.5
15/01/2025,19:30,Werder Bremen,Heidenheim,3,3,D,1.0,1.0,D,12.0,14.0,5.0,5.0,10.0,15.0,4.0,2.0,5.0,3.0,0.0,0.0,1.6,4.2,4.75
17/01/2025,19:30,Ein Frankfurt,Dortmund,2,0,H,1.0,0.0,H,13.0,12.0,5.0,3.0,8.0,6.0,5.0,7.0,0.0,2.0,0.0,0.0,2.55,3.6,2.63
18/01/2025,14:30,Bayern Munich,Wolfsburg,3,2,H,2.0,1.0,H,25.0,7.0,10.0,3.0,10.0,9.0,6.0,2.0,2.0,3.0,0.0,0.0,1.17,7.5,15.0
18/01/2025,14:30,Bochum,RB Leipzig,3,3,D,0.0,3.0,A,14.0,11.0,3.0,3.0,14.0,7.0,6.0,3.0,4.0,0.0,0.0,0.0,3.7,3.6,2.0
18/01/2025,14:30,Heidenheim,St Pauli,0,2,A,0.0,1.0,A,8.0,7.0,1.0,4.0,11.0,17.0,4.0,4.0,1.0,2.0,0.0,0.0,2.38,3.5,2.8
18/01/2025,14:30,Holstein Kiel,Hoffenheim,1,3,A,0.0,2.0,A,12.0,11.0,3.0,6.0,13.0,14.0,4.0,3.0,2.0,1.0,0.0,0.0,3.0,3.4,2.35
18/01/2025,14:30,Stuttgart,Freiburg,4,0,H,3.0,0.0,H,12.0,4.0,7.0,0.0,8.0,12.0,4.0,1.0,5.0,3.0,0.0,0.0,1.65,4.5,4.5
18/01/2025,17:30,Leverkusen,M'gladbach,3,1,H,1.0,0.0,H,10.0,7.0,5.0,4.0,12.0,10.0,7.0,6.0,0.0,2.0,0.0,0.0,1.27,5.75,11.0
19/01/2025,14:30,Union Berlin,Mainz,2,1,H,2.0,1.0,H,12.0,9.0,4.0,1.0,12.0,10.0,2.0,2.0,2.0,2.0,0.0,0.0,2.55,3.2,2.88
19/01/2025,16:30,Werder Bremen,Augsburg,0,2,A,0.0,2.0,A,20.0,9.0,2.0,4.0,8.0,14.0,6.0,2.0,1.0,2.0,0.0,0.0,1.85,3.8,4.0
24/01/2025,19:30,Wolfsburg,Holstein Kiel,2,2,D,0.0,1.0,A,22.0,5.0,5.0,2.0,9.0,10.0,10.0,3.0,2.0,4.0,0.0,0.0,1.42,5.0,7.0
25/01/2025,14:30,Augsburg,Heidenheim,2,1,H,1.0,0.0,H,11.0,11.0,7.0,6.0,8.0,9.0,6.0,4.0,1.0,0.0,0.0,0.0,1.82,3.6,4.0
25/01/2025,14:30,Dortmund,Werder Bremen,2,2,D,1.0,0.0,H,8.0,13.0,4.0,4.0,11.0,15.0,5.0,5.0,1.0,4.0,1.0,0.0,1.62,4.33,4.75
25/01/2025,14:30,Freiburg,Bayern Munich,1,2,A,0.0,1.0,A,7.0,7.0,2.0,3.0,15.0,9.0,2.0,4.0,4.0,2.0,0.0,0.0,7.5,5.75,1.33
25/01/2025,14:30,Mainz,Stuttgart,2,0,H,1.0,0.0,H,11.0,10.0,4.0,5.0,12.0,8.0,9.0,2.0,4.0,3.0,0.0,0.0,2.8,3.5,2.45
25/01/2025,14:30,RB Leipzig,Leverkusen,2,2,D,1.0,2.0,A,8.0,13.0,4.0,7.0,12.0,6.0,7.0,3.0,0.0,0.0,0.0,0.0,3.7,3.9,1.9
25/01/2025,17:30,M'gladbach,Bochum,3,0,H,1.0,0.0,H,16.0,10.0,6.0,4.0,6.0,15.0,8.0,7.0,1.0,3.0,0.0,0.0,1.73,4.0,4.5
26/01/2025,14:30,Hoffenheim,Ein Frankfurt,2,2,D,0.0,1.0,A,24.0,12.0,8.0,7.0,16.0,8.0,9.0,3.0,3.0,0.0,0.0,0.0,3.1,3.6,2.2
26/01/2025,16:30,St Pauli,Union Berlin,3,0,H,1.0,0.0,H,16.0,14.0,5.0,2.0,6.0,15.0,5.0,7.0,0.0,3.0,0.0,0.0,2.55,3.1,3.0
31/01/2025,19:30,Werder Bremen,Mainz,1,0,H,1.0,0.0,H,12.0,13.0,5.0,2.0,14.0,13.0,3.0,8.0,8.0,4.0,3.0,0.0,2.25,3.3,3.2
01/02/2025,14:30,Bayern Munich,Holstein Kiel,4,3,H,2.0,0.0,H,29.0,10.0,12.0,6.0,7.0,10.0,12.0,1.0,1.0,1.0,0.0,0.0,1.05,17.0,26.0
01/02/2025,14:30,Bochum,Freiburg,0,1,A,0.0,1.0,A,22.0,13.0,4.0,5.0,15.0,10.0,9.0,7.0,3.0,2.0,0.0,0.0,2.8,3.4,2.5
01/02/2025,14:30,Heidenheim,Dortmund,1,2,A,0.0,1.0,A,11.0,16.0,5.0,5.0,11.0,9.0,4.0,5.0,0.0,0.0,0.0,0.0,4.33,3.9,1.75
01/02/2025,14:30,St Pauli,Augsburg,1,1,D,1.0,0.0,H,5.0,2.0,1.0,1.0,16.0,18.0,3.0,1.0,1.0,3.0,0.0,0.0,2.35,3.3,3.1
01/02/2025,14:30,Stuttgart,M'gladbach,1,2,A,0.0,1.0,A,10.0,12.0,3.0,6.0,11.0,11.0,2.0,0.0,2.0,2.0,0.0,0.0,1.57,4.5,5.0
01/02/2025,17:30,Union Berlin,RB Leipzig,0,0,D,0.0,0.0,D,21.0,6.0,6.0,2.0,5.0,12.0,4.0,5.0,3.0,2.0,0.0,0.0,3.1,3.5,2.25
02/02/2025,14:30,Ein Frankfurt,Wolfsburg,1,1,D,0.0,0.0,D,16.0,11.0,4.0,2.0,8.0,8.0,9.0,1.0,1.0,3.0,0.0,0.0,1.95,3.8,3.6
02/02/2025,16:30,Leverkusen,Hoffenheim,3,1,H,2.0,0.0,H,9.0,16.0,5.0,7.0,14.0,7.0,3.0,3.0,4.0,3.0,1.0,0.0,1.25,7.0,9.5
07/02/2025,19:30,Bayern Munich,Werder Bremen,3,0,H,0.0,0.0,D,21.0,2.0,12.0,0.0,9.0,8.0,5.0,2.0,1.0,3.0,0.0,0.0,1.1,11.0,17.0
08/02/2025,14:30,Dortmund,Stuttgart,1,2,A,0.0,0.0,D,16.0,4.0,5.0,2.0,13.0,14.0,9.0,4.0,5.0,2.0,1.0,0.0,1.85,3.8,3.9
08/02/2025,14:30,Freiburg,Heidenheim,1,0,H,1.0,0.0,H,9.0,11.0,3.0,5.0,11.0,8.0,6.0,3.0,3.0,1.0,0.0,0.0,1.7,3.75,4.75
08/02/2025,14:30,Hoffenheim,Union Berlin,0,4,A,0.0,1.0,A,16.0,22.0,4.0,7.0,9.0,16.0,8.0,4.0,2.0,1.0,0.0,0.0,2.2,3.5,3.2
08/02/2025,14:30,Mainz,Augsburg,0,0,D,0.0,0.0,D,9.0,9.0,5.0,2.0,12.0,9.0,1.0,3.0,3.0,3.0,0.0,0.0,1.75,3.5,5.0
08/02/2025,14:30,Wolfsburg,Leverkusen,0,0,D,0.0,0.0,D,13.0,15.0,8.0,1.0,7.0,8.0,3.0,9.0,2.0,3.0,0.0,0.0,4.33,3.6,1.8
08/02/2025,17:30,M'gladbach,Ein Frankfurt,1,1,D,1.0,1.0,D,8.0,15.0,3.0,7.0,10.0,9.0,6.0,1.0,3.0,3.0,0.0,0.0,2.63,3.5,2.55
09/02/2025,14:30,Holstein Kiel,Bochum,2,2,D,1.0,2.0,A,10.0,21.0,3.0,6.0,11.0,17.0,3.0,5.0,2.0,2.0,0.0,0.0,2.25,3.5,3.0
09/02/2025,16:30,RB Leipzig,St Pauli,2,0,H,2.0,0.0,H,11.0,7.0,6.0,4.0,12.0,8.0,5.0,4.0,2.0,2.0,1.0,0.0,1.57,4.2,5.25
14/02/2025,19:30,Augsburg,RB Leipzig,0,0,D,0.0,0.0,D,11.0,14.0,2.0,4.0,12.0,12.0,8.0,9.0,2.0,1.0,0.0,0.0,2.9,3.3,2.4
15/02/2025,14:30,Bochum,Dortmund,2,0,H,2.0,0.0,H,18.0,17.0,9.0,2.0,12.0,4.0,2.0,8.0,1.0,0.0,0.0,0.0,5.0,3.9,1.67
15/02/2025,14:30,St Pauli,Freiburg,0,1,A,0.0,0.0,D,5.0,6.0,1.0,4.0,10.0,10.0,2.0,6.0,1.0,0.0,0.0,0.0,2.5,3.25,2.88
15/02/2025,14:30,Stuttgart,Wolfsburg,1,2,A,0.0,0.0,D,10.0,7.0,4.0,3.0,10.0,15.0,7.0,5.0,3.0,4.0,0.0,0.0,1.73,4.2,4.2
15/02/2025,14:30,Union Berlin,M'gladbach,1,2,A,0.0,2.0,A,18.0,9.0,3.0,5.0,9.0,8.0,4.0,5.0,0.0,1.0,0.0,0.0,2.2,3.5,3.1
15/02/2025,17:30,Leverkusen,Bayern Munich,0,0,D,0.0,0.0,D,15.0,2.0,3.0,0.0,16.0,13.0,6.0,0.0,2.0,3.0,0.0,0.0,2.9,3.7,2.25
16/02/2025,14:30,Werder Bremen,Hoffenheim,1,3,A,1.0,2.0,A,14.0,16.0,1.0,7.0,14.0,12.0,6.0,4.0,2.0,3.0,0.0,0.0,1.85,3.8,3.9
16/02/2025,16:30,Ein Frankfurt,Holstein Kiel,3,1,H,2.0,0.0,H,20.0,10.0,9.0,4.0,16.0,10.0,4.0,6.0,2.0,0.0,0.0,0.0,1.33,5.75,7.5
16/02/2025,18:30,Heidenheim,Mainz,0,2,A,0.0,1.0,A,12.0,6.0,3.0,5.0,9.0,16.0,8.0,4.0,1.0,3.0,0.0,0.0,3.6,3.5,2.05
21/02/2025,19:30,Freiburg,Werder Bremen,5,0,H,2.0,0.0,H,13.0,9.0,8.0,3.0,14.0,8.0,3.0,7.0,3.0,0.0,0.0,0.0,2.0,3.5,3.75
22/02/2025,14:30,Holstein Kiel,Leverkusen,0,2,A,0.0,2.0,A,4.0,18.0,3.0,8.0,11.0,10.0,5.0,11.0,4.0,1.0,0.0,0.0,11.0,6.0,1.25
22/02/2025,14:30,Mainz,St Pauli,2,0,H,0.0,0.0,D,10.0,12.0,5.0,0.0,9.0,10.0,6.0,5.0,3.0,3.0,0.0,0.0,1.8,3.5,4.75
22/02/2025,14:30,M'gladbach,Augsburg,0,3,A,0.0,0.0,D,8.0,17.0,5.0,4.0,10.0,9.0,2.0,4.0,3.0,2.0,1.0,0.0,1.85,3.75,4.0
22/02/2025,14:30,Wolfsburg,Bochum,1,1,D,0.0,0.0,D,13.0,11.0,6.0,5.0,8.0,15.0,3.0,5.0,2.0,3.0,0.0,0.0,1.53,4.2,6.0
22/02/2025,17:30,Dortmund,Union Berlin,6,0,H,2.0,0.0,H,24.0,6.0,8.0,1.0,10.0,11.0,5.0,3.0,2.0,2.0,0.0,0.0,1.53,4.5,5.5
23/02/2025,14:30,RB Leipzig,Heidenheim,2,2,D,1.0,2.0,A,17.0,4.0,6.0,2.0,15.0,15.0,7.0,4.0,3.0,3.0,0.0,0.0,1.33,5.0,8.5
23/02/2025,16:30,Bayern Munich,Ein Frankfurt,4,0,H,1.0,0.0,H,19.0,7.0,12.0,2.0,8.0,7.0,4.0,1.0,1.0,1.0,0.0,0.0,1.3,6.5,7.5
23/02/2025,18:30,Hoffenheim,Stuttgart,1,1,D,0.0,1.0,A,9.0,14.0,2.0,7.0,8.0,10.0,4.0,8.0,0.0,0.0,0.0,0.0,3.5,3.9,1.95
28/02/2025,19:30,Stuttgart,Bayern Munich,1,3,A,1.0,1.0,D,12.0,17.0,3.0,8.0,12.0,13.0,4.0,6.0,5.0,3.0,0.0,0.0,4.75,4.2,1.65
01/03/2025,14:30,Bochum,Hoffenheim,0,1,A,0.0,0.0,D,12.0,10.0,3.0,2.0,16.0,17.0,8.0,5.0,0.0,1.0,0.0,0.0,2.4,3.6,2.8
01/03/2025,14:30,Heidenheim,M'gladbach,0,3,A,0.0,2.0,A,20.0,13.0,5.0,5.0,9.0,15.0,6.0,2.0,2.0,3.0,0.0,0.0,3.1,3.5,2.25
01/03/2025,14:30,RB Leipzig,Mainz,1,2,A,1.0,0.0,H,13.0,15.0,4.0,3.0,8.0,15.0,7.0,1.0,1.0,1.0,0.0,0.0,1.95,3.7,3.75
01/03/2025,14:30,St Pauli,Dortmund,0,2,A,0.0,0.0,D,7.0,14.0,1.0,3.0,11.0,13.0,7.0,1.0,1.0,2.0,0.0,0.0,4.1,3.8,1.83
01/03/2025,14:30,Werder Bremen,Wolfsburg,1,2,A,0.0,1.0,A,15.0,9.0,7.0,3.0,13.0,9.0,8.0,2.0,2.0,0.0,0.0,0.0,2.63,3.4,2.6
01/03/2025,17:30,Ein Frankfurt,Leverkusen,1,4,A,1.0,3.0,A,7.0,20.0,3.0,9.0,9.0,7.0,2.0,6.0,1.0,1.0,0.0,0.0,4.75,3.75,1.73
02/03/2025,14:30,Union Berlin,Holstein Kiel,0,1,A,0.0,1.0,A,14.0,10.0,3.0,3.0,16.0,12.0,11.0,3.0,4.0,0.0,0.0,0.0,1.57,4.33,5.25
02/03/2025,16:30,Augsburg,Freiburg,0,0,D,0.0,0.0,D,13.0,7.0,5.0,3.0,13.0,9.0,5.0,2.0,1.0,1.0,0.0,0.0,2.63,3.25,2.7
07/03/2025,19:30,M'gladbach,Mainz,1,3,A,0.0,1.0,A,12.0,16.0,4.0,8.0,6.0,6.0,4.0,3.0,0.0,1.0,0.0,0.0,2.6,3.3,2.7
08/03/2025,14:30,Bayern Munich,Bochum,2,3,A,2.0,1.0,H,14.0,8.0,5.0,5.0,7.0,14.0,9.0,3.0,0.0,6.0,1.0,0.0,1.11,9.5,19.0
08/03/2025,14:30,Dortmund,Augsburg,0,1,A,0.0,1.0,A,14.0,6.0,1.0,1.0,6.0,12.0,12.0,3.0,1.0,4.0,0.0,0.0,1.53,4.33,5.75
08/03/2025,14:30,Holstein Kiel,Stuttgart,2,2,D,1.0,1.0,D,17.0,5.0,5.0,2.0,8.0,9.0,3.0,1.0,1.0,2.0,1.0,0.0,5.75,4.33,1.53
08/03/2025,14:30,Leverkusen,Werder Bremen,0,2,A,0.0,1.0,A,18.0,11.0,4.0,7.0,12.0,10.0,10.0,3.0,4.0,4.0,0.0,0.0,1.27,5.75,11.0
08/03/2025,14:30,Wolfsburg,St Pauli,1,1,D,0.0,1.0,A,16.0,14.0,4.0,4.0,11.0,13.0,6.0,6.0,1.0,0.0,0.0,0.0,1.75,3.5,5.0
08/03/2025,17:30,Freiburg,RB Leipzig,0,0,D,0.0,0.0,D,10.0,18.0,2.0,3.0,6.0,11.0,2.0,6.0,0.0,3.0,0.0,0.0,2.55,3.3,2.7
09/03/2025,14:30,Ein Frankfurt,Union Berlin,1,2,A,1.0,0.0,H,14.0,11.0,3.0,3.0,10.0,8.0,1.0,5.0,3.0,0.0,0.0,0.0,1.73,4.0,4.5
09/03/2025,16:30,Hoffenheim,Heidenheim,1,1,D,1.0,0.0,H,16.0,23.0,3.0,5.0,9.0,11.0,6.0,4.0,2.0,3.0,0.0,0.0,1.75,4.0,4.33
14/03/2025,19:30,St Pauli,Hoffenheim,1,0,H,0.0,0.0,D,10.0,4.0,5.0,0.0,6.0,8.0,11.0,2.0,0.0,1.0,0.0,0.0,2.25,3.25,3.3
15/03/2025,14:30,Augsburg,Wolfsburg,1,0,H,0.0,0.0,D,9.0,13.0,2.0,2.0,7.0,9.0,1.0,4.0,1.0,2.0,0.0,0.0,2.55,3.3,2.75
15/03/2025,14:30,Mainz,Freiburg,2,2,D,1.0,0.0,H,9.0,24.0,4.0,8.0,7.0,7.0,1.0,4.0,1.0,2.0,1.0,0.0,1.95,3.3,4.1
15/03/2025,14:30,Union Berlin,Bayern Munich,1,1,D,0.0,0.0,D,7.0,18.0,3.0,4.0,13.0,8.0,2.0,14.0,1.0,2.0,0.0,0.0,8.5,5.0,1.36
15/03/2025,14:30,Werder Bremen,M'gladbach,2,4,A,2.0,2.0,D,23.0,13.0,2.0,7.0,10.0,7.0,4.0,1.0,1.0,2.0,0.0,1.0,2.35,3.6,2.8
15/03/2025,17:30,RB Leipzig,Dortmund,2,0,H,1.0,0.0,H,15.0,25.0,5.0,9.0,14.0,10.0,3.0,12.0,3.0,3.0,0.0,0.0,2.38,3.6,2.88
16/03/2025,14:30,Bochum,Ein Frankfurt,1,3,A,0.0,2.0,A,17.0,18.0,7.0,7.0,7.0,9.0,8.0,3.0,4.0,1.0,0.0,0.0,3.1,3.6,2.2
16/03/2025,16:30,Heidenheim,Holstein Kiel,3,1,H,1.0,0.0,H,14.0,16.0,5.0,4.0,15.0,13.0,3.0,5.0,1.0,3.0,0.0,0.0,2.0,3.5,3.75
16/03/2025,18:30,Stuttgart,Leverkusen,3,4,A,1.0,0.0,H,11.0,16.0,6.0,4.0,13.0,14.0,1.0,10.0,3.0,2.0,0.0,0.0,3.1,3.4,2.3
28/03/2025,19:30,Leverkusen,Bochum,3,1,H,1.0,1.0,D,14.0,8.0,5.0,3.0,6.0,12.0,3.0,2.0,0.0,1.0,0.0,0.0,1.22,6.5,12.0
29/03/2025,14:30,Bayern Munich,St Pauli,3,2,H,1.0,1.0,D,19.0,10.0,9.0,4.0,13.0,4.0,5.0,4.0,3.0,0.0,0.0,0.0,1.14,8.0,15.0
29/03/2025,14:30,Hoffenheim,Augsburg,1,1,D,0.0,0.0,D,13.0,11.0,4.0,4.0,14.0,12.0,2.0,2.0,1.0,2.0,0.0,0.0,2.35,3.3,3.1
29/03/2025,14:30,Holstein Kiel,Werder Bremen,0,3,A,0.0,1.0,A,11.0,14.0,0.0,7.0,13.0,8.0,3.0,4.0,4.0,1.0,0.0,0.0,3.2,3.9,2.05
29/03/2025,14:30,M'gladbach,RB Leipzig,1,0,H,0.0,0.0,D,16.0,19.0,3.0,3.0,5.0,9.0,5.0,8.0,2.0,2.0,0.0,0.0,2.88,3.7,2.3
29/03/2025,14:30,Wolfsburg,Heidenheim,0,1,A,0.0,1.0,A,11.0,11.0,2.0,4.0,8.0,10.0,4.0,5.0,2.0,4.0,0.0,0.0,1.67,3.75,5.0
29/03/2025,17:30,Ein Frankfurt,Stuttgart,1,0,H,0.0,0.0,D,19.0,8.0,6.0,2.0,9.0,6.0,6.0,10.0,1.0,3.0,0.0,1.0,2.5,3.8,2.5
30/03/2025,14:30,Freiburg,Union Berlin,1,2,A,1.0,1.0,D,9.0,10.0,3.0,6.0,8.0,11.0,3.0,3.0,3.0,4.0,0.0,0.0,2.0,3.5,3.7
30/03/2025,16:30,Dortmund,Mainz,3,1,H,2.0,0.0,H,18.0,12.0,7.0,3.0,10.0,8.0,6.0,4.0,2.0,0.0,0.0,0.0,1.62,3.9,5.0
04/04/2025,19:30,Augsburg,Bayern Munich,1,3,A,1.0,1.0,D,6.0,19.0,3.0,7.0,8.0,8.0,2.0,4.0,4.0,0.0,1.0,0.0,7.5,4.75,1.42
05/04/2025,14:30,Bochum,Stuttgart,0,4,A,0.0,2.0,A,11.0,14.0,2.0,6.0,17.0,13.0,2.0,4.0,1.0,1.0,0.0,0.0,3.1,3.7,2.15
05/04/2025,14:30,Freiburg,Dortmund,1,4,A,0.0,1.0,A,12.0,18.0,3.0,7.0,8.0,6.0,3.0,4.0,1.0,0.0,0.0,0.0,3.1,3.5,2.2
05/04/2025,14:30,Heidenheim,Leverkusen,0,1,A,0.0,0.0,D,10.0,6.0,2.0,2.0,14.0,10.0,4.0,0.0,1.0,0.0,0.0,0.0,6.5,4.75,1.44
05/04/2025,14:30,Mainz,Holstein Kiel,1,1,D,0.0,1.0,A,13.0,10.0,3.0,5.0,12.0,8.0,4.0,4.0,4.0,4.0,0.0,0.0,1.45,4.5,7.0
05/04/2025,14:30,RB Leipzig,Hoffenheim,3,1,H,2.0,1.0,H,16.0,9.0,5.0,5.0,10.0,12.0,8.0,2.0,0.0,3.0,0.0,1.0,1.55,4.2,5.5
05/04/2025,17:30,Werder Bremen,Ein Frankfurt,2,0,H,1.0,0.0,H,12.0,9.0,4.0,0.0,8.0,15.0,5.0,6.0,3.0,3.0,0.0,0.0,2.63,3.5,2.5
06/04/2025,14:30,St Pauli,M'gladbach,1,1,D,0.0,1.0,A,26.0,5.0,9.0,3.0,6.0,13.0,11.0,2.0,0.0,2.0,0.0,0.0,2.5,3.3,2.75
06/04/2025,16:30,Union Berlin,Wolfsburg,1,0,H,0.0,0.0,D,13.0,12.0,3.0,3.0,13.0,14.0,6.0,4.0,0.0,1.0,0.0,0.0,2.45,3.3,2.88
11/04/2025,19:30,Wolfsburg,RB Leipzig,2,3,A,0.0,2.0,A,17.0,16.0,6.0,5.0,14.0,13.0,8.0,5.0,2.0,3.0,0.0,0.0,2.88,3.75,2.3
12/04/2025,14:30,Bochum,Augsburg,1,2,A,0.0,1.0,A,25.0,12.0,9.0,5.0,14.0,9.0,7.0,6.0,2.0,1.0,0.0,1.0,2.5,3.4,2.8
12/04/2025,14:30,Hoffenheim,Mainz,2,0,H,2.0,0.0,H,8.0,14.0,5.0,1.0,18.0,11.0,4.0,7.0,4.0,2.0,0.0,1.0,2.7,3.5,2.55
12/04/2025,14:30,Holstein Kiel,St Pauli,1,2,A,1.0,1.0,D,6.0,14.0,2.0,6.0,15.0,11.0,3.0,3.0,3.0,4.0,0.0,0.0,3.25,3.3,2.25
12/04/2025,14:30,Leverkusen,Union Berlin,0,0,D,0.0,0.0,D,16.0,7.0,3.0,3.0,10.0,13.0,7.0,3.0,2.0,1.0,0.0,0.0,1.33,4.75,9.5
12/04/2025,14:30,M'gladbach,Freiburg,1,2,A,1.0,1.0,D,10.0,19.0,1.0,7.0,4.0,11.0,4.0,6.0,0.0,1.0,0.0,0.0,2.15,3.6,3.25
12/04/2025,17:30,Bayern Munich,Dortmund,2,2,D,0.0,0.0,D,28.0,11.0,11.0,3.0,8.0,5.0,6.0,5.0,0.0,0.0,0.0,0.0,1.44,5.25,6.0
13/04/2025,14:30,Stuttgart,Werder Bremen,1,2,A,1.0,1.0,D,12.0,14.0,4.0,5.0,12.0,13.0,3.0,4.0,3.0,2.0,1.0,0.0,1.65,4.33,4.5
13/04/2025,16:30,Ein Frankfurt,Heidenheim,3,0,H,2.0,0.0,H,19.0,14.0,8.0,3.0,6.0,7.0,5.0,3.0,1.0,1.0,0.0,0.0,1.73,4.2,4.2
19/04/2025,14:30,Freiburg,Hoffenheim,3,2,H,2.0,2.0,D,12.0,19.0,6.0,6.0,14.0,13.0,2.0,6.0,3.0,2.0,0.0,0.0,1.91,3.7,3.75
19/04/2025,14:30,Heidenheim,Bayern Munich,0,4,A,0.0,3.0,A,4.0,18.0,1.0,11.0,8.0,11.0,4.0,4.0,3.0,1.0,0.0,0.0,9.0,6.0,1.29
19/04/2025,14:30,Mainz,Wolfsburg,2,2,D,2.0,1.0,H,18.0,16.0,7.0,4.0,15.0,8.0,7.0,5.0,2.0,3.0,0.0,0.0,2.0,3.6,3.6
19/04/2025,14:30,RB Leipzig,Holstein Kiel,1,1,D,0.0,1.0,A,10.0,13.0,4.0,3.0,5.0,9.0,9.0,7.0,1.0,2.0,0.0,0.0,1.33,5.75,7.5
19/04/2025,14:30,Werder Bremen,Bochum,1,0,H,0.0,0.0,D,14.0,12.0,4.0,1.0,9.0,20.0,2.0,7.0,3.0,3.0,0.0,1.0,1.73,4.1,4.33
19/04/2025,17:30,Union Berlin,Stuttgart,4,4,D,4.0,4.0,D,12.0,13.0,5.0,6.0,8.0,9.0,3.0,5.0,0.0,2.0,0.0,0.0,2.8,3.4,2.45
20/04/2025,14:30,Augsburg,Ein Frankfurt,0,0,D,0.0,0.0,D,13.0,8.0,2.0,5.0,6.0,8.0,3.0,9.0,2.0,1.0,0.0,0.0,2.55,3.3,2.75
20/04/2025,16:30,Dortmund,M'gladbach,3,2,H,3.0,1.0,H,14.0,6.0,6.0,3.0,13.0,10.0,6.0,2.0,1.0,2.0,0.0,0.0,1.42,5.25,6.5
20/04/2025,18:30,St Pauli,Leverkusen,1,1,D,0.0,1.0,A,10.0,6.0,5.0,4.0,12.0,12.0,4.0,4.0,1.0,4.0,0.0,0.0,5.25,3.8,1.67
25/04/2025,19:30,Stuttgart,Heidenheim,0,1,A,0.0,0.0,D,19.0,6.0,3.0,2.0,14.0,16.0,6.0,5.0,0.0,4.0,0.0,0.0,1.48,5.0,5.75
26/04/2025,14:30,Bayern Munich,Mainz,3,0,H,2.0,0.0,H,14.0,8.0,6.0,3.0,13.0,17.0,4.0,4.0,2.0,2.0,0.0,0.0,1.22,7.0,11.0
26/04/2025,14:30,Hoffenheim,Dortmund,2,3,A,0.0,1.0,A,11.0,16.0,3.0,8.0,17.0,9.0,2.0,5.0,5.0,1.0,0.0,0.0,4.1,4.33,1.73
26/04/2025,14:30,Holstein Kiel,M'gladbach,4,3,H,2.0,0.0,H,22.0,16.0,11.0,7.0,13.0,11.0,7.0,8.0,2.0,1.0,0.0,0.0,3.1,3.8,2.15
26/04/2025,14:30,Leverkusen,Augsburg,2,0,H,2.0,0.0,H,14.0,11.0,5.0,2.0,10.0,10.0,3.0,7.0,0.0,1.0,0.0,0.0,1.36,5.0,8.5
26/04/2025,14:30,Wolfsburg,Freiburg,0,1,A,0.0,0.0,D,8.0,15.0,1.0,2.0,6.0,9.0,3.0,2.0,3.0,1.0,1.0,0.0,2.35,3.5,2.88
26/04/2025,17:30,Ein Frankfurt,RB Leipzig,4,0,H,1.0,0.0,H,9.0,7.0,6.0,3.0,10.0,13.0,8.0,4.0,1.0,2.0,0.0,1.0,2.15,3.8,3.0
27/04/2025,14:30,Bochum,Union Berlin,1,1,D,0.0,1.0,A,10.0,5.0,4.0,1.0,11.0,9.0,10.0,4.0,3.0,2.0,0.0,0.0,2.25,3.4,3.1
27/04/2025,16:30,Werder Bremen,St Pauli,0,0,D,0.0,0.0,D,11.0,10.0,2.0,4.0,9.0,16.0,1.0,3.0,2.0,3.0,0.0,1.0,1.85,3.6,4.0
02/05/2025,19:30,Heidenheim,Bochum,0,0,D,0.0,0.0,D,11.0,14.0,3.0,3.0,8.0,14.0,6.0,4.0,0.0,1.0,0.0,0.0,2.25,3.6,3.1
03/05/2025,14:30,M'gladbach,Hoffenheim,4,4,D,2.0,1.0,H,12.0,26.0,7.0,8.0,6.0,8.0,4.0,7.0,0.0,0.0,0.0,0.0,2.1,4.0,3.0
03/05/2025,14:30,RB Leipzig,Bayern Munich,3,3,D,2.0,0.0,H,8.0,20.0,6.0,6.0,9.0,6.0,2.0,7.0,3.0,1.0,0.0,0.0,4.5,4.33,1.62
03/05/2025,14:30,St Pauli,Stuttgart,0,1,A,0.0,0.0,D,6.0,21.0,1.0,8.0,17.0,12.0,4.0,4.0,6.0,3.0,2.0,0.0,2.62,3.5,2.55
03/05/2025,14:30,Union Berlin,Werder Bremen,2,2,D,1.0,2.0,A,17.0,13.0,7.0,6.0,9.0,8.0,5.0,5.0,2.0,3.0,0.0,0.0,2.7,3.4,2.55
03/05/2025,17:30,Dortmund,Wolfsburg,4,0,H,1.0,0.0,H,11.0,11.0,5.0,2.0,13.0,6.0,4.0,3.0,0.0,1.0,0.0,0.0,1.33,5.75,7.5
04/05/2025,14:30,Augsburg,Holstein Kiel,1,3,A,0.0,2.0,A,27.0,7.0,10.0,5.0,4.0,20.0,12.0,0.0,0.0,2.0,0.0,0.0,1.83,3.9,4.0
04/05/2025,16:30,Freiburg,Leverkusen,2,2,D,1.0,0.0,H,8.0,5.0,4.0,2.0,10.0,16.0,4.0,1.0,1.0,2.0,0.0,0.0,3.2,3.4,2.25
04/05/2025,18:30,Mainz,Ein Frankfurt,1,1,D,0.0,1.0,A,12.0,8.0,3.0,2.0,10.0,10.0,8.0,1.0,1.0,0.0,0.0,0.0,2.35,3.5,2.9
09/05/2025,19:30,Wolfsburg,Hoffenheim,2,2,D,1.0,1.0,D,14.0,17.0,5.0,7.0,11.0,10.0,5.0,6.0,0.0,2.0,0.0,0.0,2.2,3.6,2.9
10/05/2025,14:30,Bochum,Mainz,1,4,A,0.0,1.0,A,11.0,22.0,6.0,8.0,9.0,6.0,6.0,6.0,3.0,0.0,0.0,0.0,2.9,3.6,2.3
10/05/2025,14:30,Holstein Kiel,Freiburg,1,2,A,1.0,1.0,D,15.0,9.0,3.0,4.0,9.0,13.0,2.0,5.0,1.0,0.0,0.0,0.0,3.1,3.75,2.15
10/05/2025,14:30,Union Berlin,Heidenheim,0,3,A,0.0,1.0,A,10.0,8.0,1.0,4.0,14.0,7.0,1.0,2.0,2.0,0.0,0.0,0.0,2.25,3.3,3.3
10/05/2025,14:30,Werder Bremen,RB Leipzig,0,0,D,0.0,0.0,D,21.0,16.0,6.0,4.0,6.0,13.0,11.0,4.0,1.0,3.0,0.0,0.0,2.35,3.7,2.8
10/05/2025,17:30,Bayern Munich,M'gladbach,2,0,H,1.0,0.0,H,24.0,16.0,9.0,6.0,3.0,8.0,4.0,9.0,1.0,1.0,0.0,0.0,1.17,9.5,11.0
11/05/2025,14:30,Leverkusen,Dortmund,2,4,A,1.0,2.0,A,19.0,9.0,10.0,5.0,7.0,8.0,12.0,0.0,0.0,2.0,0.0,0.0,2.7,3.9,2.35
11/05/2025,16:30,Ein Frankfurt,St Pauli,2,2,D,1.0,2.0,A,13.0,5.0,5.0,2.0,11.0,12.0,3.0,1.0,2.0,2.0,0.0,0.0,1.53,4.33,5.75
11/05/2025,18:30,Stuttgart,Augsburg,4,0,H,1.0,0.0,H,29.0,7.0,11.0,0.0,9.0,7.0,11.0,2.0,1.0,1.0,0.0,1.0,1.55,4.33,5.75
17/05/2025,14:30,Augsburg,Union Berlin,1,2,A,1.0,0.0,H,19.0,6.0,4.0,4.0,6.0,5.0,4.0,0.0,0.0,0.0,0.0,0.0,2.1,3.5,3.4
17/05/2025,14:30,Dortmund,Holstein Kiel,3,0,H,1.0,0.0,H,19.0,4.0,6.0,2.0,12.0,6.0,7.0,1.0,3.0,1.0,0.0,1.0,1.09,12.0,19.0
17/05/2025,14:30,Freiburg,Ein Frankfurt,1,3,A,1.0,1.0,D,8.0,11.0,1.0,6.0,13.0,16.0,4.0,7.0,2.0,4.0,0.0,0.0,2.35,3.7,2.8
17/05/2025,14:30,Heidenheim,Werder Bremen,1,4,A,0.0,2.0,A,21.0,13.0,8.0,7.0,11.0,11.0,6.0,4.0,2.0,2.0,0.0,0.0,2.3,3.8,2.75
17/05/2025,14:30,Hoffenheim,Bayern Munich,0,4,A,0.0,1.0,A,6.0,14.0,2.0,5.0,9.0,7.0,1.0,4.0,0.0,0.0,0.0,0.0,5.0,5.25,1.5
17/05/2025,14:30,Mainz,Leverkusen,2,2,D,1.0,0.0,H,20.0,7.0,6.0,4.0,14.0,13.0,7.0,3.0,2.0,6.0,0.0,0.0,2.15,3.9,3.0
17/05/2025,14:30,M'gladbach,Wolfsburg,0,1,A,0.0,0.0,D,16.0,17.0,3.0,6.0,6.0,4.0,7.0,10.0,0.0,0.0,0.0,0.0,2.2,4.2,2.8
17/05/2025,14:30,RB Leipzig,Stuttgart,2,3,A,2.0,1.0,H,8.0,15.0,5.0,7.0,9.0,9.0,5.0,8.0,1.0,0.0,0.0,0.0,2.0,4.2,3.2
17/05/2025,14:30,St Pauli,Bochum,0,2,A,0.0,1.0,A,10.0,9.0,2.0,6.0,3.0,11.0,7.0,4.0,0.0,0.0,0.0,0.0,1.67,4.2,4.5
